name,description,image,thumbnail,category_url_key
Pääsiäiskortti,"Pääsiäiskortti, 15x10cm, kortti",paasiaiskortti.jpg,paasiaiskortti_100y.jpg,paasiaiskortit
Pääsiäiskortti 2,"Pääsiäiskortti 2, 15x10cm, kortti",paasiaiskortti2.jpg,paasiaiskortti2_100y.jpg,paasiaiskortit
Pääsiäiskortti 3,"Pääsiäiskortti 3, 15x10cm, kortti",paasiaiskortti3.jpg,paasiaiskortti3_100y.jpg,paasiaiskortit
Pääsiäiskortti 4,"Pääsiäiskortti 4, 15x10cm, kortti",paasiaiskortti4.jpg,paasiaiskortti4_100y.jpg,paasiaiskortit
Pääsiäiskortti 5,"Pääsiäiskortti 5, 15x10cm, kortti",paasiaiskortti5.jpg,paasiaiskortti5_100y.jpg,paasiaiskortit
Pääsiäiskortti 6,"Pääsiäiskortti 6, 15x10cm, kortti",paasiaiskortti6.jpg,paasiaiskortti6_100y.jpg,paasiaiskortit
Pääsiäiskortti 7,"Pääsiäiskortti 7, 15x10cm, kortti",paasiaiskortti7.jpg,paasiaiskortti7_100y.jpg,paasiaiskortit
Pääsiäiskortti 8,"Pääsiäiskortti 8, 15x10cm, kortti",paasiaiskortti8.jpg,paasiaiskortti8_100y.jpg,paasiaiskortit
Pääsiäiskortti 9,"Pääsiäiskortti 9, 15x10cm, kortti",paasiaiskortti9.jpg,paasiaiskortti9_100y.jpg,paasiaiskortit
Pääsiäiskortti 10,"Pääsiäiskortti 10, 15x10cm, kortti",paasiaiskortti10.jpg,paasiaiskortti10_100y.jpg,paasiaiskortit
Pääsiäiskortti 11,"Pääsiäiskortti 11, 15x10cm, kortti",paasiaiskortti11.jpg,paasiaiskortti11_100y.jpg,paasiaiskortit
Pääsiäiskortti 12,"Pääsiäiskortti 12, 15x10cm, kortti",paasiaiskortti12.jpg,paasiaiskortti12_100y.jpg,paasiaiskortit
Pääsiäiskortti 13,"Pääsiäiskortti 13, 15x10cm, kortti",paasiaiskortti13.jpg,paasiaiskortti13_100y.jpg,paasiaiskortit
Pääsiäiskortti 14,"Pääsiäiskortti 14, 15x10cm, kortti",paasiaiskortti14.jpg,paasiaiskortti14_100y.jpg,paasiaiskortit
